-- phpMyAdmin SQL Dump
-- version 5.0.4
-- https://www.phpmyadmin.net/
--
-- Host: 127.0.0.1
-- Generation Time: Mar 28, 2021 at 07:13 PM
-- Server version: 10.4.17-MariaDB
-- PHP Version: 7.4.14

SET SQL_MODE = "NO_AUTO_VALUE_ON_ZERO";
START TRANSACTION;
SET time_zone = "+00:00";


/*!40101 SET @OLD_CHARACTER_SET_CLIENT=@@CHARACTER_SET_CLIENT */;
/*!40101 SET @OLD_CHARACTER_SET_RESULTS=@@CHARACTER_SET_RESULTS */;
/*!40101 SET @OLD_COLLATION_CONNECTION=@@COLLATION_CONNECTION */;
/*!40101 SET NAMES utf8mb4 */;

--
-- Database: `login_ci3`
--

-- --------------------------------------------------------

--
-- Table structure for table `tb_barang`
--

CREATE TABLE `tb_barang` (
  `id_brg` int(11) NOT NULL,
  `nama_brg` varchar(120) NOT NULL,
  `keterangan` varchar(225) NOT NULL,
  `kategori` varchar(60) NOT NULL,
  `harga` int(50) NOT NULL,
  `stok` int(50) NOT NULL,
  `gambar` text NOT NULL
) ENGINE=InnoDB DEFAULT CHARSET=utf8mb4;

--
-- Dumping data for table `tb_barang`
--

INSERT INTO `tb_barang` (`id_brg`, `nama_brg`, `keterangan`, `kategori`, `harga`, `stok`, `gambar`) VALUES
(1, 'Jam Tangan Casio', 'Jam Tangan Casio Warna Hitam Ukuran Tangan Orang Dewasa', 'Pakaian Pria', 150000, 50, 'jamtangan.jpg'),
(2, 'ASUS ROG Strix - BG65X', 'Asus ROG Strix - BG65X merupakan laptop gaming andalan keluarga cemara dan trendy ditahun 2021. Beli dan Rasakan Khasiatnya Seperti menjadi Seorang Sultan Gaming', 'Elektronik', 16000000, 90, 'rog_2.png'),
(3, 'Jaket Anak Bulu Domba', 'Jaket Anak Bulu Domba Special Edition, Cocok untuk Anak Kandung maupun Anak Tetangga', 'Pakaian Anak', 250000, 35, 'jaketanak.png');

-- --------------------------------------------------------

--
-- Table structure for table `tb_invoice`
--

CREATE TABLE `tb_invoice` (
  `id` int(11) NOT NULL,
  `nama` varchar(40) NOT NULL,
  `alamat` varchar(205) NOT NULL,
  `tgl_pesan` datetime NOT NULL,
  `batas_bayar` datetime NOT NULL
) ENGINE=InnoDB DEFAULT CHARSET=utf8mb4;

-- --------------------------------------------------------

--
-- Table structure for table `tb_pesanan`
--

CREATE TABLE `tb_pesanan` (
  `id` int(11) NOT NULL,
  `id_invoice` int(11) NOT NULL,
  `id_brg` int(11) NOT NULL,
  `nama_barang` varchar(60) NOT NULL,
  `jumlah` int(3) NOT NULL,
  `harga` int(11) NOT NULL,
  `pilihan` text NOT NULL
) ENGINE=InnoDB DEFAULT CHARSET=utf8mb4;

-- --------------------------------------------------------

--
-- Table structure for table `user`
--

CREATE TABLE `user` (
  `id` int(11) NOT NULL,
  `name` varchar(128) NOT NULL,
  `email` varchar(128) NOT NULL,
  `image` varchar(128) NOT NULL,
  `password` varchar(256) NOT NULL,
  `role_id` int(11) NOT NULL,
  `is_active` int(1) NOT NULL,
  `date_created` int(11) NOT NULL
) ENGINE=InnoDB DEFAULT CHARSET=utf8mb4;

--
-- Dumping data for table `user`
--

INSERT INTO `user` (`id`, `name`, `email`, `image`, `password`, `role_id`, `is_active`, `date_created`) VALUES
(1, 'superuser01', 'superuser01@gmail.com', 'default.png', '$2y$10$bMdFdt5kq2V.5sSTbwzTjObqBTDUwkz0JXH21tlH2wBsgbkkA9fj2', 2, 1, 1614609035),
(2, 'superadmin01', 'superadmin01@gmail.com', 'superadmin1.jpg', '$2y$10$JBQHhAIcP3Ph66CsLKnlv.InaRNxTEeil828dlyYTZyJdlTPKk/n.', 1, 1, 1614615323),
(3, 'Anon Visitor', 'anonnonx@gmail.com', 'default.png', '$2y$10$7nnf.0GvYCdej49gx8mufObhlKAgvG00wDDJ03CL.LFzX1O.pwX1m', 2, 1, 1615482411),
(4, 'Dimas Cloud', 'dimas.xcloud@gmail.com', 'default.png', '$2y$10$W8ouljgRqdp/jqlZuK//IuaBV/0XAGhm/aFkWN8PkAx3q6mwUhvc2', 2, 1, 1615484044),
(5, 'Tarbaynal Online', 'jhonny.ocnr@gmail.com', 'default.png', '$2y$10$Or.WOMun.ySrL9i0OWIM0.3llUV0ngS./3X4ETAQ1Sl9DpAL9w0ei', 2, 1, 1615564868);

-- --------------------------------------------------------

--
-- Table structure for table `user_access_menu`
--

CREATE TABLE `user_access_menu` (
  `id` int(11) NOT NULL,
  `role_id` int(11) NOT NULL,
  `menu_id` int(11) NOT NULL
) ENGINE=InnoDB DEFAULT CHARSET=utf8mb4;

--
-- Dumping data for table `user_access_menu`
--

INSERT INTO `user_access_menu` (`id`, `role_id`, `menu_id`) VALUES
(1, 1, 1),
(2, 1, 2),
(3, 2, 2),
(4, 1, 3),
(6, 2, 4);

-- --------------------------------------------------------

--
-- Table structure for table `user_menu`
--

CREATE TABLE `user_menu` (
  `id` int(11) NOT NULL,
  `menu` varchar(128) NOT NULL
) ENGINE=InnoDB DEFAULT CHARSET=utf8mb4;

--
-- Dumping data for table `user_menu`
--

INSERT INTO `user_menu` (`id`, `menu`) VALUES
(1, 'Admin'),
(2, 'User'),
(3, 'Menu'),
(4, 'Cart'),
(5, 'Pengesahan');

-- --------------------------------------------------------

--
-- Table structure for table `user_role`
--

CREATE TABLE `user_role` (
  `id` int(11) NOT NULL,
  `role` varchar(128) NOT NULL
) ENGINE=InnoDB DEFAULT CHARSET=utf8mb4;

--
-- Dumping data for table `user_role`
--

INSERT INTO `user_role` (`id`, `role`) VALUES
(1, 'Administrator'),
(2, 'Member');

-- --------------------------------------------------------

--
-- Table structure for table `user_sub_menu`
--

CREATE TABLE `user_sub_menu` (
  `id` int(11) NOT NULL,
  `menu_id` int(11) NOT NULL,
  `title` varchar(128) NOT NULL,
  `url` varchar(128) NOT NULL,
  `icon` varchar(128) NOT NULL,
  `is_active` int(11) NOT NULL
) ENGINE=InnoDB DEFAULT CHARSET=utf8mb4;

--
-- Dumping data for table `user_sub_menu`
--

INSERT INTO `user_sub_menu` (`id`, `menu_id`, `title`, `url`, `icon`, `is_active`) VALUES
(1, 1, 'Dashboard', 'admin', 'fas fa-fw fa-tachometer-alt', 1),
(2, 2, 'Account Setting', 'user', 'fas fa-fw fa-user', 1),
(3, 2, 'Edit Profile', 'user/edit', 'fas fa-fw fa-user-edit', 1),
(4, 3, 'Menu Controller', 'menu', 'fas fa-fw fa-folder-minus', 1),
(5, 3, 'Submenu Controller', 'menu/submenu', 'fas fa-fw fa-folder-open', 1),
(7, 1, 'Role Management', 'admin/role', 'fas fa-fw fa-users-cog', 0),
(8, 2, 'Change Password', 'user/changePass', 'fas fa-fw fa-unlock-alt', 0),
(9, 4, 'Shopping Cart', 'carting/detail_keranjang', 'fas fa-fw fa-shopping-cart', 1);

-- --------------------------------------------------------

--
-- Table structure for table `user_token`
--

CREATE TABLE `user_token` (
  `id` int(11) NOT NULL,
  `email` varchar(128) NOT NULL,
  `token` varchar(128) NOT NULL,
  `date_created` int(11) NOT NULL
) ENGINE=InnoDB DEFAULT CHARSET=utf8mb4;

--
-- Indexes for dumped tables
--

--
-- Indexes for table `tb_barang`
--
ALTER TABLE `tb_barang`
  ADD PRIMARY KEY (`id_brg`);

--
-- Indexes for table `tb_invoice`
--
ALTER TABLE `tb_invoice`
  ADD PRIMARY KEY (`id`);

--
-- Indexes for table `tb_pesanan`
--
ALTER TABLE `tb_pesanan`
  ADD PRIMARY KEY (`id`);

--
-- Indexes for table `user`
--
ALTER TABLE `user`
  ADD PRIMARY KEY (`id`);

--
-- Indexes for table `user_access_menu`
--
ALTER TABLE `user_access_menu`
  ADD PRIMARY KEY (`id`);

--
-- Indexes for table `user_menu`
--
ALTER TABLE `user_menu`
  ADD PRIMARY KEY (`id`);

--
-- Indexes for table `user_role`
--
ALTER TABLE `user_role`
  ADD PRIMARY KEY (`id`);

--
-- Indexes for table `user_sub_menu`
--
ALTER TABLE `user_sub_menu`
  ADD PRIMARY KEY (`id`);

--
-- Indexes for table `user_token`
--
ALTER TABLE `user_token`
  ADD PRIMARY KEY (`id`);

--
-- AUTO_INCREMENT for dumped tables
--

--
-- AUTO_INCREMENT for table `tb_barang`
--
ALTER TABLE `tb_barang`
  MODIFY `id_brg` int(11) NOT NULL AUTO_INCREMENT, AUTO_INCREMENT=4;

--
-- AUTO_INCREMENT for table `tb_invoice`
--
ALTER TABLE `tb_invoice`
  MODIFY `id` int(11) NOT NULL AUTO_INCREMENT;

--
-- AUTO_INCREMENT for table `tb_pesanan`
--
ALTER TABLE `tb_pesanan`
  MODIFY `id` int(11) NOT NULL AUTO_INCREMENT;

--
-- AUTO_INCREMENT for table `user`
--
ALTER TABLE `user`
  MODIFY `id` int(11) NOT NULL AUTO_INCREMENT, AUTO_INCREMENT=6;

--
-- AUTO_INCREMENT for table `user_access_menu`
--
ALTER TABLE `user_access_menu`
  MODIFY `id` int(11) NOT NULL AUTO_INCREMENT, AUTO_INCREMENT=7;

--
-- AUTO_INCREMENT for table `user_menu`
--
ALTER TABLE `user_menu`
  MODIFY `id` int(11) NOT NULL AUTO_INCREMENT, AUTO_INCREMENT=6;

--
-- AUTO_INCREMENT for table `user_role`
--
ALTER TABLE `user_role`
  MODIFY `id` int(11) NOT NULL AUTO_INCREMENT, AUTO_INCREMENT=5;

--
-- AUTO_INCREMENT for table `user_sub_menu`
--
ALTER TABLE `user_sub_menu`
  MODIFY `id` int(11) NOT NULL AUTO_INCREMENT, AUTO_INCREMENT=10;

--
-- AUTO_INCREMENT for table `user_token`
--
ALTER TABLE `user_token`
  MODIFY `id` int(11) NOT NULL AUTO_INCREMENT;
COMMIT;

/*!40101 SET CHARACTER_SET_CLIENT=@OLD_CHARACTER_SET_CLIENT */;
/*!40101 SET CHARACTER_SET_RESULTS=@OLD_CHARACTER_SET_RESULTS */;
/*!40101 SET COLLATION_CONNECTION=@OLD_COLLATION_CONNECTION */;
